issue,title,url,milestone,priority,status_target,debut,fin,first_commit,first_commit_subject,first_commit_confidence,last_commit,last_commit_subject,last_commit_confidence,evidence
193,[ADDRESS-07] DB — Migration Address/NIU/Consent,https://github.com/Ken-Andre/bicec-veripass/issues/193,M4 - Back-Office MVP,high,In progress,2026-03-21,2026-04-09,68b8a083be16,feat(db): add ADDRESS/AML/DWH Alembic migrations (#193 #136 #148),"haute: référence issue #193, 011_address_niu, address",b01dff6fe16c,fix: resolve ruff linting errors,"haute: 011_address_niu, consents","`011_address_niu` dans `code/backend/alembic/versions/016_drop_orphan_consents_table.py`; `kyc_sessions` dans `code/scripts/seed_kyc_compliance_visual_demo.py`; `consents` dans `code/mobile/src/views/kyc/ConsentScreen.tsx`; fichiers proches: `code/scripts/seed_kyc_compliance_visual_demo.py`, `code/mobile/src/views/kyc/ConsentScreen.tsx`, `code/backend/alembic/versions/016_drop_orphan_consents_table.py`"
191,[ADDRESS-05] Backend — Consent storage and Timestamping,https://github.com/Ken-Andre/bicec-veripass/issues/191,M4 - Back-Office MVP,high,In progress,2026-04-25,2026-06-06,2c162726da87,"feat(mobile): update existing KYC screens - address, CNI capture, consent, intro, liveness, NIUs, OCR review and review","moyenne/faible: consents, consent",5d9328290f72,feat: add versioned legal document consent,"moyenne/faible: consents, consent","`consents` dans `code/mobile/src/views/kyc/ConsentScreen.tsx`; `session_id` dans `code/scripts/seed_kyc_compliance_visual_demo.py`; `ip_address` dans `code/backend/tests/test_kyc_auth_and_atms.py`; fichiers proches: `code/mobile/src/views/kyc/ConsentScreen.tsx`, `code/scripts/seed_kyc_compliance_visual_demo.py`, `code/backend/tests/test_kyc_auth_and_atms.py`"
182,[ADMIN-09] Frontend — Sentry integration pour error reporting,https://github.com/Ken-Andre/bicec-veripass/issues/182,M2 - Capture MVP,low,In progress,2026-03-20,2026-03-20,2f61209b2a55,"[INFRA] Setup Frontend Monitoring and Backend Security (#182, #174)",haute: référence issue #182,2f61209b2a55,"[INFRA] Setup Frontend Monitoring and Backend Security (#182, #174)",haute: référence issue #182,"`@sentry/react` dans `code/scripts/audit_sentry_issues.py`; `index.tsx` dans `code/backoffice/src/pages/Index.tsx`; `ocr_failure` dans `code/mobile/src/views/kyc/OcrReviewScreen.tsx`; fichiers proches: `code/mobile/src/views/kyc/OcrReviewScreen.tsx`, `CHANGELOG.md`, `code/scripts/audit_sentry_issues.py`"
168,[DEMO-04] QR Code — Accès PWA depuis mobile physique,https://github.com/Ken-Andre/bicec-veripass/issues/168,M6 - Analytics & Demo,high,In progress,2026-06-01,2026-06-01,e72448729475,"feat(backend): KYC route & service refinements, config, test updates, uv.lock, .env.example",moyenne/faible: .env,e72448729475,"feat(backend): KYC route & service refinements, config, test updates, uv.lock, .env.example",moyenne/faible: .env,"`.env` dans `code/scripts/test-backup-restore.sh`; fichiers proches: `code/scripts/test-backup-restore.sh`, `CHANGELOG.md`, `code/backoffice/src/pages/UnauthorizedPage.tsx`"
164,[SECURITY-01] Checklist Sécurité Finale \u0026 Hardening,https://github.com/Ken-Andre/bicec-veripass/issues/164,M6 - Analytics & Demo,high,In progress,2026-03-13,2026-03-15,d6dfe3655ddb,ci: consolidate CI/lint fixes without hardcoded secret,"moyenne/faible: core/config.py, secret",4c92c9b99c47,refactor: update health endpoint path and enhance nginx TLS configuration,"moyenne/faible: /health, health","`/health` dans `CHANGELOG.md`; `echo=False` dans `code/backend/tests/conftest.py`; `core/config.py` dans `code/backend/app/core/config.py`; fichiers proches: `CHANGELOG.md`, `code/backend/tests/conftest.py`, `code/backend/app/core/config.py`"
159,[TEST-07] CI/CD — GitHub Actions Pipeline,https://github.com/Ken-Andre/bicec-veripass/issues/159,M6 - Analytics & Demo,high,In progress,2026-05-22,2026-05-22,ae76d9a730af,"ci: pin ruff version, add STORAGE/MODELS paths; add pre-commit hooks","haute: ci.yml, ruff, github",ae76d9a730af,"ci: pin ruff version, add STORAGE/MODELS paths; add pre-commit hooks","haute: ci.yml, ruff, github","`ruff` dans `CHANGELOG.md`; `black` dans `code/backoffice/src/services/sentry.ts`; `pytest --cov=app` dans `code/README.md`; fichiers proches: `CHANGELOG.md`, `code/README.md`, `code/backoffice/src/services/sentry.ts`"
158,[TEST-06] Tests sécurité — RBAC & JWT tampering,https://github.com/Ken-Andre/bicec-veripass/issues/158,M6 - Analytics & Demo,high,In progress,2026-03-20,2026-03-20,c192475c330d,"feat(backend): Pagination globale des endpoints liste (#181) - Ajout de app/core/pagination.py : helper universel PageParams, PageResponse, paginate() - GET /backoffice/queue : dossiers KYC PENDING/SUBMITTED paginés (priorité + date) - GET /backoffice/audit-logs : logs d'audit paginés (plus récent d'abord) - GET /admin/users : liste utilisateurs paginée (plus récent d'abord) - Réponse unifiée : {items, total, page, pages, limit} sur tous les endpoints - Fix SQLAlchemy mapper init via import app.db.base dans les nouveaux routers - Testé en live sur le serveur Docker (200 OK sur les 3 endpoints)","haute: /backoffice/queue, backoffice, queue",c192475c330d,"feat(backend): Pagination globale des endpoints liste (#181) - Ajout de app/core/pagination.py : helper universel PageParams, PageResponse, paginate() - GET /backoffice/queue : dossiers KYC PENDING/SUBMITTED paginés (priorité + date) - GET /backoffice/audit-logs : logs d'audit paginés (plus récent d'abord) - GET /admin/users : liste utilisateurs paginée (plus récent d'abord) - Réponse unifiée : {items, total, page, pages, limit} sur tous les endpoints - Fix SQLAlchemy mapper init via import app.db.base dans les nouveaux routers - Testé en live sur le serveur Docker (200 OK sur les 3 endpoints)","haute: /backoffice/queue, backoffice, queue","`/backoffice/queue` dans `code/scripts/run_kyc_happy_path_acceptance.py`; fichiers proches: `code/scripts/run_kyc_happy_path_acceptance.py`, `CHANGELOG.md`, `code/scripts/README.md`"
157,[TEST-05] Tests E2E Playwright — Jean approve flow complet,https://github.com/Ken-Andre/bicec-veripass/issues/157,M6 - Analytics & Demo,high,In progress,2026-05-22,2026-05-22,d278a44d1aa4,"feat(backoffice): add evidence viewer, session warning, auth context & e2e tests","haute: e2e, playwright, evidence",d278a44d1aa4,"feat(backoffice): add evidence viewer, session warning, auth context & e2e tests","haute: e2e, playwright, evidence","`DOSSIER_APPROVED` dans `code/mobile/src/views/dashboard/NotificationsScreen.tsx`; `e2e` dans `CHANGELOG.md`; fichiers proches: `CHANGELOG.md`, `code/mobile/src/views/dashboard/NotificationsScreen.tsx`, `code/scripts/run_kyc_happy_path_acceptance.py`"
156,[TEST-04] Tests E2E Playwright — 3 strikes liveness lockout,https://github.com/Ken-Andre/bicec-veripass/issues/156,M6 - Analytics & Demo,high,In progress,2026-04-27,2026-05-03,f1eefc491789,feat(backoffice): add dossier support chat and file access,"haute: e2e, kyc_sessions",c5bc962c3365,chore: backend linting and shared infrastructure updates,"haute: e2e, kyc_sessions","`e2e` dans `CHANGELOG.md`; `biometrics` dans `code/backoffice/src/types/kyc.ts`; `kyc_sessions` dans `code/scripts/seed_kyc_compliance_visual_demo.py`; fichiers proches: `CHANGELOG.md`, `code/backoffice/src/types/kyc.ts`, `code/scripts/seed_kyc_compliance_visual_demo.py`"
155,[TEST-03] Tests E2E Playwright — Résumption offline,https://github.com/Ken-Andre/bicec-veripass/issues/155,M6 - Analytics & Demo,high,In progress,2026-04-06,2026-05-29,e21e3142bdc5,refactor: restructure backoffice types & improve mobile offline banner component,"haute: offline, banner",93737581b9c3,"refactor(mobile): remove KycResumeBanner from App, update translations, ScreenLayout, AppBar, BottomNav","haute: e2e, offline","`e2e` dans `CHANGELOG.md`; `offline` dans `CHANGELOG.md`; fichiers proches: `CHANGELOG.md`, `code/backend/tests/test_kyc_auth_and_atms.py`, `code/mobile/src/views/settings/DeleteAccountScreen.tsx`"
149,[ANALYTICS-10] Backend — COBAC PDF Report Generator,https://github.com/Ken-Andre/bicec-veripass/issues/149,M6 - Analytics & Demo,medium,In progress,2026-02-02,2026-05-29,bff65cb671f6,"feat: Introduce comprehensive AI agent system with BMM, BMB, TEA, and CIS workflows, agents, and commands.","moyenne/faible: compliance, report, template",e6d9d20bda03,"test: add classification UX proof + POV demo, KYC compliance visual demo, agent UX screenshots","moyenne/faible: compliance, report","`compliance` dans `CHANGELOG.md`; fichiers proches: `CHANGELOG.md`, `code/scripts/README.md`, `code/backoffice/src/lib/export-utils.ts`"
148,[ANALYTICS-09] DB — Migration DWH (dim + fact tables),https://github.com/Ken-Andre/bicec-veripass/issues/148,M6 - Analytics & Demo,high,In progress,2026-03-21,2026-03-21,68b8a083be16,feat(db): add ADDRESS/AML/DWH Alembic migrations (#193 #136 #148),"haute: référence issue #148, 013_dwh",68b8a083be16,feat(db): add ADDRESS/AML/DWH Alembic migrations (#193 #136 #148),"haute: référence issue #148, 013_dwh","`013_dwh` dans `code/backend/alembic/versions/014_merge_heads.py`; `fact_kyc_funnel` dans `code/backend/alembic/versions/013_dwh.py`; `session_date` dans `code/backend/alembic/versions/013_dwh.py`; fichiers proches: `code/backend/alembic/versions/013_dwh.py`, `code/backend/alembic/versions/014_merge_heads.py`, `CHANGELOG.md`"
147,[ANALYTICS-08] Back-Office React — OCR Observability View,https://github.com/Ken-Andre/bicec-veripass/issues/147,M6 - Analytics & Demo,medium,In progress,2026-04-05,2026-04-05,8abcbdfb63c2,feat(analytics): add initial KYC funnel and OCR observability pages,"moyenne/faible: /analytics/ocr, observability, analytics",8abcbdfb63c2,feat(analytics): add initial KYC funnel and OCR observability pages,"moyenne/faible: /analytics/ocr, observability, analytics","`/analytics/ocr` dans `code/backoffice/src/pages/analytics/OcrObservabilityPage.tsx`; fichiers proches: `CHANGELOG.md`, `code/backoffice/src/pages/analytics/OcrObservabilityPage.tsx`, `code/README.md`"
144,[ANALYTICS-05] Backend — DWH Incremental Refresh Celery Cron,https://github.com/Ken-Andre/bicec-veripass/issues/144,M6 - Analytics & Demo,medium,In progress,2026-03-18,2026-05-28,768a59744f5a,"feat: add backend infrastructure with database, Celery, and models",moyenne/faible: celery,960982b5d662,"refactor(tasks): rewrite KYC/Sanctions celery tasks with SQLAlchemy 2.0 async, add NIU duplicate SequenceMatcher",moyenne/faible: celery,"`celery` dans `CHANGELOG.md`; fichiers proches: `CHANGELOG.md`, `code/scripts/setup-cron.sh`, `code/test_celery.py`"
143,[ANALYTICS-04] Backend — Audit Log Viewer + COBAC Export,https://github.com/Ken-Andre/bicec-veripass/issues/143,M6 - Analytics & Demo,high,In progress,2026-05-28,2026-05-28,393016e263c2,"test: add agent UX regression, compliance MVP, dossier viewer fixes, Thomas operational audit evidence","haute: compliance, audit, viewer",393016e263c2,"test: add agent UX regression, compliance MVP, dossier viewer fixes, Thomas operational audit evidence","haute: compliance, audit, viewer","`compliance` dans `CHANGELOG.md`; `session_id` dans `code/scripts/seed_kyc_compliance_visual_demo.py`; `agent_id` dans `code/scripts/seed_kyc_compliance_visual_demo.py`; fichiers proches: `code/scripts/seed_kyc_compliance_visual_demo.py`, `CHANGELOG.md`, `code/backoffice/src/pages/analytics/AnalyticsPage.tsx`"
142,[ANALYTICS-03] Back-Office — Sylvie's Command Dashboard,https://github.com/Ken-Andre/bicec-veripass/issues/142,M6 - Analytics & Demo,high,In progress,2026-05-28,2026-05-28,c810b7e4ff27,"feat(backoffice): AnalyticsPage tabs/filters, CommandCenter connected status, Compliance/Queue pages update","haute: commandcenter, command",c810b7e4ff27,"feat(backoffice): AnalyticsPage tabs/filters, CommandCenter connected status, Compliance/Queue pages update","haute: commandcenter, command","`CommandCenter` dans `code/backoffice/src/App.tsx`; `/analytics/dashboard` dans `code/backoffice/src/services/dossier-service.ts`; fichiers proches: `CHANGELOG.md`, `code/backoffice/src/App.tsx`, `code/backoffice/src/services/dossier-service.ts`"
140,[ANALYTICS-01] Backend — Funnel Events Tracking,https://github.com/Ken-Andre/bicec-veripass/issues/140,M6 - Analytics & Demo,critical,In progress,2026-04-05,2026-04-12,8abcbdfb63c2,feat(analytics): add initial KYC funnel and OCR observability pages,"moyenne/faible: /analytics/funnel, funnel, analytics",41c6e56a411f,"fix(hardening): remediate technical debt, impure renders, and type instability (18 files)","moyenne/faible: /analytics/funnel, service, services","`fact_kyc_funnel` dans `code/backend/alembic/versions/013_dwh.py`; `/analytics/funnel` dans `code/backoffice/src/pages/analytics/FunnelAnalyticsPage.tsx`; `track_event` dans `code/backend/app/tasks/kyc.py`; fichiers proches: `code/backend/alembic/versions/029_dwh_analytics_events.py`, `code/scripts/seed_kyc_compliance_visual_demo.py`, `code/backend/alembic/versions/013_dwh.py`"
139,[AML-11] Backend — AML False Positive Rate Reporting,https://github.com/Ken-Andre/bicec-veripass/issues/139,M5 - Full KYC Flow,low,In progress,2026-05-24,2026-05-24,ea6f9655fe2f,"fix(backend): add AML alert detail endpoint, grant THOMAS analytics access, restrict queue","haute: aml, analytics, thomas",ea6f9655fe2f,"fix(backend): add AML alert detail endpoint, grant THOMAS analytics access, restrict queue","haute: aml, analytics, thomas","`aml` dans `CHANGELOG.md`; fichiers proches: `CHANGELOG.md`, `paddleocr_test/test_structure.py`, `code/mobile/src/services/mediapipeService.ts`"
138,[AML-10] Back-Office — Thomas AML Statistics Tab,https://github.com/Ken-Andre/bicec-veripass/issues/138,M5 - Full KYC Flow,low,In progress,2026-02-10,2026-05-29,355e960aebcc,Comment out YAML frontmatter in UX spec,moyenne/faible: aml,e6d9d20bda03,"test: add classification UX proof + POV demo, KYC compliance visual demo, agent UX screenshots","moyenne/faible: aml, thomas, dashboard","`aml` dans `CHANGELOG.md`; fichiers proches: `CHANGELOG.md`, `code/test_celery.py`, `code/README.md`"
137,[AML-09] Backend — AML Screening Auto-trigger post-soumission,https://github.com/Ken-Andre/bicec-veripass/issues/137,M5 - Full KYC Flow,high,In progress,2026-04-04,2026-04-09,a4d29188d33b,feat(backend): Register audit API router & add scheduled AML/KYC celery tasks,"haute: aml, celery",b01dff6fe16c,fix: resolve ruff linting errors,"haute: aml, celery","`aml` dans `CHANGELOG.md`; `celery` dans `CHANGELOG.md`; `session_id` dans `code/scripts/seed_kyc_compliance_visual_demo.py`; fichiers proches: `CHANGELOG.md`, `code/scripts/seed_kyc_compliance_visual_demo.py`, `paddleocr_test/notebooks/README.md`"
136,[AML-08] DB — Migration tables AML,https://github.com/Ken-Andre/bicec-veripass/issues/136,M5 - Full KYC Flow,high,In progress,2026-03-21,2026-04-09,68b8a083be16,feat(db): add ADDRESS/AML/DWH Alembic migrations (#193 #136 #148),"haute: référence issue #136, 012_aml, aml",b01dff6fe16c,fix: resolve ruff linting errors,"haute: 012_aml, sanctions_entries, aml","`012_aml` dans `code/backend/alembic/versions/017_drop_orphan_sanctions_entries.py`; `sanctions_entries` dans `code/backend/alembic/versions/017_drop_orphan_sanctions_entries.py`; `aml_alerts` dans `code/backoffice/src/pages/validation/EvidenceViewerPage.tsx`; fichiers proches: `code/backend/alembic/versions/012_aml.py`, `code/backend/alembic/versions/017_drop_orphan_sanctions_entries.py`, `CHANGELOG.md`"
135,[AML-07] Backend — AML Audit Trail complet,https://github.com/Ken-Andre/bicec-veripass/issues/135,M5 - Full KYC Flow,medium,In progress,2026-02-02,2026-05-29,bff65cb671f6,"feat: Introduce comprehensive AI agent system with BMM, BMB, TEA, and CIS workflows, agents, and commands.","haute: aml, compliance",e6d9d20bda03,"test: add classification UX proof + POV demo, KYC compliance visual demo, agent UX screenshots","haute: aml, compliance","`audit_logs` dans `code/backend/tests/test_rbac.py`; `AML_CLEARED` dans `code/backoffice/src/types/kyc.ts`; `aml` dans `CHANGELOG.md`; fichiers proches: `CHANGELOG.md`, `code/backoffice/src/types/kyc.ts`, `code/backend/tests/test_rbac.py`"
134,[AML-06] Backend — Weekly Sanctions Sync Celery Beat,https://github.com/Ken-Andre/bicec-veripass/issues/134,M5 - Full KYC Flow,medium,In progress,2026-04-04,2026-05-28,a4d29188d33b,feat(backend): Register audit API router & add scheduled AML/KYC celery tasks,"haute: aml, celery",960982b5d662,"refactor(tasks): rewrite KYC/Sanctions celery tasks with SQLAlchemy 2.0 async, add NIU duplicate SequenceMatcher","haute: celery, sanctions","`aml` dans `CHANGELOG.md`; `celery` dans `CHANGELOG.md`; `duration_s` dans `code/backend/alembic/versions/013_dwh.py`; fichiers proches: `CHANGELOG.md`, `code/backend/alembic/versions/013_dwh.py`, `code/backend/app/tasks_demo.py`"
133,[AML-05] Backend — Account Freeze on AML Confirm,https://github.com/Ken-Andre/bicec-veripass/issues/133,M5 - Full KYC Flow,high,In progress,2026-04-27,2026-04-27,f1eefc491789,feat(backoffice): add dossier support chat and file access,"haute: aml, kyc_sessions",f1eefc491789,feat(backoffice): add dossier support chat and file access,"haute: aml, kyc_sessions","`aml` dans `CHANGELOG.md`; `kyc_sessions` dans `code/scripts/seed_kyc_compliance_visual_demo.py`; `access_level` dans `code/scripts/seed_kyc_compliance_visual_demo.py`; fichiers proches: `code/scripts/seed_kyc_compliance_visual_demo.py`, `CHANGELOG.md`, `code/backoffice/src/test/e2e/components.spec.ts`"
132,[AML-04] Backend — AML Alert Management (Clear/Confirm/Escalate),https://github.com/Ken-Andre/bicec-veripass/issues/132,M5 - Full KYC Flow,high,In progress,2026-04-27,2026-04-27,f1eefc491789,feat(backoffice): add dossier support chat and file access,"haute: aml, kyc_sessions",f1eefc491789,feat(backoffice): add dossier support chat and file access,"haute: aml, kyc_sessions","`{justification}` dans `code/backoffice/src/pages/compliance/ConflictResolverPage.tsx`; `aml` dans `CHANGELOG.md`; `kyc_sessions` dans `code/scripts/seed_kyc_compliance_visual_demo.py`; fichiers proches: `code/scripts/seed_kyc_compliance_visual_demo.py`, `CHANGELOG.md`, `code/backoffice/src/pages/compliance/ConflictResolverPage.tsx`"
131,[AML-03] Back-Office — Thomas AML Dashboard,https://github.com/Ken-Andre/bicec-veripass/issues/131,M5 - Full KYC Flow,high,In progress,2026-04-05,2026-05-28,8d9fec0aba02,"feat(compliance): add agency CRUD, AML detail and dashboard pages","haute: aml, dashboard, detail",e6343c6803ba,"fix(kyc): AmlAlertStatus PENDING→OPEN, DuplicateCheck NIU fields, agent activity tracking, analytics hooks","haute: amlalerts, aml, pending","`AMLAlerts` dans `code/backoffice/src/types/index.ts`; `AML_CLEARED` dans `code/backoffice/src/types/kyc.ts`; `aml` dans `CHANGELOG.md`; fichiers proches: `CHANGELOG.md`, `code/scripts/seed_kyc_compliance_visual_demo.py`, `code/backoffice/src/types/index.ts`"
130,[AML-02] Backend — Fuzzy Matching Engine,https://github.com/Ken-Andre/bicec-veripass/issues/130,M5 - Full KYC Flow,critical,In progress,2026-03-06,2026-06-02,af053f470af8,feat: add AML/CFT screening view with fraud alerts to BackOffice,"haute: alert, aml",037329079c41,docs: add BICEC presentation marketing pack,"haute: alert, aml","`ALERT` dans `CHANGELOG.md`; `CLEAR` dans `CHANGELOG.md`; `aml_alerts` dans `code/backoffice/src/pages/validation/EvidenceViewerPage.tsx`; fichiers proches: `CHANGELOG.md`, `code/scripts/seed_kyc_compliance_visual_demo.py`, `code/backend/alembic/versions/012_aml.py`"
129,[AML-01] Backend — Seed PEP/Sanctions Lists & Weekly Sync Celery,https://github.com/Ken-Andre/bicec-veripass/issues/129,M5 - Full KYC Flow,critical,In progress,2026-03-21,2026-05-28,68b8a083be16,feat(db): add ADDRESS/AML/DWH Alembic migrations (#193 #136 #148),"haute: 012_aml, aml",960982b5d662,"refactor(tasks): rewrite KYC/Sanctions celery tasks with SQLAlchemy 2.0 async, add NIU duplicate SequenceMatcher","haute: celery, sanctions","`sanctions_entries` dans `code/backend/alembic/versions/017_drop_orphan_sanctions_entries.py`; `pg_trgm` dans `code/backend/alembic/versions/012_aml.py`; `full_name` dans `code/scripts/seed_kyc_compliance_visual_demo.py`; fichiers proches: `CHANGELOG.md`, `code/backend/alembic/versions/017_drop_orphan_sanctions_entries.py`, `paddleocr_test/notebooks/ocr_utils.py`"
128,[KYC-CONS-03] Backend — Loi 2024-017 compliance pack metadata,https://github.com/Ken-Andre/bicec-veripass/issues/128,M5 - Full KYC Flow,,In progress,2026-04-05,2026-05-28,8191b05c6f8e,feat(backoffice): implement system audit logs page with filters,"haute: audit, implement",435643b4f7d5,"docs: generate maintainer documentation suite, COBAC audit evidence, Thomas operational audit screenshots","haute: compliance, audit","`compliance` dans `CHANGELOG.md`; `audit` dans `CHANGELOG.md`; fichiers proches: `CHANGELOG.md`, `code/scripts/export-docker-stack.ps1`, `code/README.md`"
127,[KYC-CONS-02] Integration — Consent timestamping & IP logging,https://github.com/Ken-Andre/bicec-veripass/issues/127,M5 - Full KYC Flow,,In progress,2026-02-02,2026-05-29,bff65cb671f6,"feat: Introduce comprehensive AI agent system with BMM, BMB, TEA, and CIS workflows, agents, and commands.","moyenne/faible: compliance, integration",e6d9d20bda03,"test: add classification UX proof + POV demo, KYC compliance visual demo, agent UX screenshots",moyenne/faible: compliance,"`audit_logs` dans `code/backend/tests/test_rbac.py`; `compliance` dans `CHANGELOG.md`; fichiers proches: `CHANGELOG.md`, `code/backend/tests/test_rbac.py`, `paddleocr_test/notebooks/ocr_utils.py`"
126,[KYC-CONS-01] UI — Consent checkboxes & Legal policy modals,https://github.com/Ken-Andre/bicec-veripass/issues/126,M5 - Full KYC Flow,,In progress,2026-02-23,2026-05-29,93bb82f1ec46,docs: update PRD with AML compliance workflow and PIN setup,moyenne/faible: compliance,e6d9d20bda03,"test: add classification UX proof + POV demo, KYC compliance visual demo, agent UX screenshots",moyenne/faible: compliance,"`compliance` dans `CHANGELOG.md`; fichiers proches: `CHANGELOG.md`, `code/backoffice/src/test/e2e/dossier-viewer-fixes.evidence.ts`, `code/mobile/src/views/kyc/SignatureScreen.test.tsx`"
125,[KYC-ADDR-08] Backend — Automated dossier routing based on agency ID,https://github.com/Ken-Andre/bicec-veripass/issues/125,M5 - Full KYC Flow,,In progress,2026-05-18,2026-05-18,4dfb3bb7e04c,"feat(kyc): add image processing, encryption utilities, and OCR merging logic",moyenne/faible: logic,4dfb3bb7e04c,"feat(kyc): add image processing, encryption utilities, and OCR merging logic",moyenne/faible: logic,"`logic` dans `CHANGELOG.md`; fichiers proches: `CHANGELOG.md`, `code/mobile/src/views/kyc/SignatureScreen.test.tsx`, `code/backoffice/src/test/e2e/thomas-operational-audit.evidence.ts`"
122,[KYC-ADDR-05] Backend — NIU regex validation & flag logic,https://github.com/Ken-Andre/bicec-veripass/issues/122,M5 - Full KYC Flow,,In progress,2026-05-29,2026-05-29,e6d9d20bda03,"test: add classification UX proof + POV demo, KYC compliance visual demo, agent UX screenshots","haute: compliance, flag",e6d9d20bda03,"test: add classification UX proof + POV demo, KYC compliance visual demo, agent UX screenshots","haute: compliance, flag","`niu_declarative=true` dans `code/scripts/seed_kyc_compliance_visual_demo.py`; `LIMITED_ACCESS` dans `code/mobile/src/views/dashboard/DashboardPage.tsx`; `compliance` dans `CHANGELOG.md`; fichiers proches: `code/scripts/seed_kyc_compliance_visual_demo.py`, `CHANGELOG.md`, `code/mobile/src/views/dashboard/DashboardPage.tsx`"
120,[KYC-ADDR-03] Integration — GPS coordinate capture & proximity check,https://github.com/Ken-Andre/bicec-veripass/issues/120,M5 - Full KYC Flow,,In progress,2026-02-02,2026-06-06,bff65cb671f6,"feat: Introduce comprehensive AI agent system with BMM, BMB, TEA, and CIS workflows, agents, and commands.","moyenne/faible: api, integration, check",d2f794e975c7,"chore: reduce repo size - untrack agent dirs, rendered-word, bmad media","moyenne/faible: api, integration, check","`api` dans `CHANGELOG.md`; fichiers proches: `CHANGELOG.md`, `paddleocr_test/notebooks/ocr_utils.py`, `code/mobile/src/services/atmLocator.test.ts`"
117,[BO-19] Backend — Load balancing: Smooth WRR implementation,https://github.com/Ken-Andre/bicec-veripass/issues/117,M4 - Back-Office MVP,,In progress,2026-03-14,2026-06-04,e0a32751aaf4,Merge pull request #196 from Ken-Andre/feat/infra-04-back-office,moyenne/faible: back-office,a7cefa962fea,docs: add AGENTS.md and ADR-040 (accès back-office multi-agences),moyenne/faible: back-office,"`back-office` dans `CHANGELOG.md`; `logic` dans `CHANGELOG.md`; fichiers proches: `CHANGELOG.md`, `paddleocr_test/notebooks/04_eneo_sanctions_exploration.py`, `code/backoffice/src/test/e2e/classification-ux-pov-demo.mjs`"
116,[BO-18] Security — Back-office session management & logout,https://github.com/Ken-Andre/bicec-veripass/issues/116,M4 - Back-Office MVP,,In progress,2026-03-14,2026-06-04,e0a32751aaf4,Merge pull request #196 from Ken-Andre/feat/infra-04-back-office,moyenne/faible: back-office,a7cefa962fea,docs: add AGENTS.md and ADR-040 (accès back-office multi-agences),moyenne/faible: back-office,"`back-office` dans `CHANGELOG.md`; fichiers proches: `CHANGELOG.md`, `code/backoffice/src/test/e2e/components.spec.ts`, `code/mobile/src/views/kyc/SignatureScreen.test.tsx`"
115,[BO-17] UI — Rejection reason modal,https://github.com/Ken-Andre/bicec-veripass/issues/115,M4 - Back-Office MVP,,In progress,2026-03-14,2026-06-04,e0a32751aaf4,Merge pull request #196 from Ken-Andre/feat/infra-04-back-office,moyenne/faible: back-office,a7cefa962fea,docs: add AGENTS.md and ADR-040 (accès back-office multi-agences),moyenne/faible: back-office,"`back-office` dans `CHANGELOG.md`; fichiers proches: `CHANGELOG.md`, `code/mobile/src/views/kyc/RejectionScreen.tsx`, `code/scripts/run_kyc_happy_path_acceptance.py`"
114,[BO-16] Integration — Intranet file server connection (Read images),https://github.com/Ken-Andre/bicec-veripass/issues/114,M4 - Back-Office MVP,,In progress,2026-03-14,2026-06-04,e0a32751aaf4,Merge pull request #196 from Ken-Andre/feat/infra-04-back-office,moyenne/faible: back-office,a7cefa962fea,docs: add AGENTS.md and ADR-040 (accès back-office multi-agences),moyenne/faible: back-office,"`back-office` dans `CHANGELOG.md`; fichiers proches: `CHANGELOG.md`, `code/scripts/import-docker-stack.ps1`, `code/backoffice/src/test/e2e/live-gab-steps.evidence.ts`"
113,[BO-15] Backend — Audit log append-only logic (SHA-256 events),https://github.com/Ken-Andre/bicec-veripass/issues/113,M4 - Back-Office MVP,,In progress,2026-04-05,2026-04-05,8191b05c6f8e,feat(backoffice): implement system audit logs page with filters,"haute: audit, implement",8191b05c6f8e,feat(backoffice): implement system audit logs page with filters,"haute: audit, implement","`audit_logs` dans `code/backend/tests/test_rbac.py`; `audit` dans `CHANGELOG.md`; fichiers proches: `CHANGELOG.md`, `code/backend/tests/test_rbac.py`, `code/scripts/audit_sentry_issues.py`"
112,"[BO-14] UI — Agent Dashboard (SLA, Dossiers processed)",https://github.com/Ken-Andre/bicec-veripass/issues/112,M4 - Back-Office MVP,,In progress,2026-03-14,2026-06-04,e0a32751aaf4,Merge pull request #196 from Ken-Andre/feat/infra-04-back-office,moyenne/faible: back-office,a7cefa962fea,docs: add AGENTS.md and ADR-040 (accès back-office multi-agences),moyenne/faible: back-office,"`back-office` dans `CHANGELOG.md`; fichiers proches: `CHANGELOG.md`, `paddleocr_test/notebooks/02_synthetic_cni_generation.py`, `paddleocr_test/notebooks/03_ocr_accuracy_dashboard.py`"
111,[BO-13] Backend — Multi-agent concurrency control (Dossier locking),https://github.com/Ken-Andre/bicec-veripass/issues/111,M4 - Back-Office MVP,,In progress,2026-03-14,2026-06-04,e0a32751aaf4,Merge pull request #196 from Ken-Andre/feat/infra-04-back-office,moyenne/faible: back-office,a7cefa962fea,docs: add AGENTS.md and ADR-040 (accès back-office multi-agences),moyenne/faible: back-office,"`back-office` dans `CHANGELOG.md`; `logic` dans `CHANGELOG.md`; `kyc_sessions` dans `code/scripts/seed_kyc_compliance_visual_demo.py`; fichiers proches: `CHANGELOG.md`, `code/scripts/seed_kyc_compliance_visual_demo.py`, `code/backend/app/tasks_demo.py`"
110,[BO-12] Integration — PENDING_INFO mobile notification trigger,https://github.com/Ken-Andre/bicec-veripass/issues/110,M4 - Back-Office MVP,,In progress,2026-03-14,2026-06-04,e0a32751aaf4,Merge pull request #196 from Ken-Andre/feat/infra-04-back-office,moyenne/faible: back-office,a7cefa962fea,docs: add AGENTS.md and ADR-040 (accès back-office multi-agences),moyenne/faible: back-office,"`PENDING_INFO` dans `code/backoffice/src/pages/validation/ValidationQueuePage.tsx`; `back-office` dans `CHANGELOG.md`; `notifications` dans `CHANGELOG.md`; fichiers proches: `CHANGELOG.md`, `code/backoffice/src/pages/validation/ValidationQueuePage.tsx`, `code/scripts/setup-task-scheduler.ps1`"
109,[BO-11] UI — SLA visual indicators (R/Y/G) in queue,https://github.com/Ken-Andre/bicec-veripass/issues/109,M4 - Back-Office MVP,,In progress,2026-03-14,2026-06-04,e0a32751aaf4,Merge pull request #196 from Ken-Andre/feat/infra-04-back-office,moyenne/faible: back-office,a7cefa962fea,docs: add AGENTS.md and ADR-040 (accès back-office multi-agences),moyenne/faible: back-office,"`back-office` dans `CHANGELOG.md`; fichiers proches: `CHANGELOG.md`, `code/scripts/seed_kyc_compliance_visual_demo.py`, `code/mobile/tests/e2e/kyc-auth-and-atms.spec.ts`"
108,[BO-10] Backend — SLA tracking & escalation flags logic,https://github.com/Ken-Andre/bicec-veripass/issues/108,M4 - Back-Office MVP,,In progress,2026-03-14,2026-06-04,e0a32751aaf4,Merge pull request #196 from Ken-Andre/feat/infra-04-back-office,moyenne/faible: back-office,a7cefa962fea,docs: add AGENTS.md and ADR-040 (accès back-office multi-agences),moyenne/faible: back-office,"`back-office` dans `CHANGELOG.md`; `logic` dans `CHANGELOG.md`; fichiers proches: `CHANGELOG.md`, `code/mobile/src/views/kyc/SignatureScreen.test.tsx`, `code/scripts/upload-sharepoint-large-file.ps1`"
107,[BO-09] Backend — Agent activity audit logging,https://github.com/Ken-Andre/bicec-veripass/issues/107,M4 - Back-Office MVP,,In progress,2026-03-27,2026-05-28,6297fd6318d8,feat: improve backup maintenance with gating and audit logging,"haute: audit, logging",393016e263c2,"test: add agent UX regression, compliance MVP, dossier viewer fixes, Thomas operational audit evidence","haute: audit, agent","`DOSSIER_APPROVED` dans `code/mobile/src/views/dashboard/NotificationsScreen.tsx`; `DOSSIER_REJECTED` dans `code/mobile/src/views/dashboard/NotificationsScreen.tsx`; `back-office` dans `CHANGELOG.md`; fichiers proches: `CHANGELOG.md`, `code/mobile/src/views/dashboard/NotificationsScreen.tsx`, `code/backoffice/src/pages/command-center/CommandCenterPage.tsx`"
106,[BO-08] Backend — Decision handler endpoint,https://github.com/Ken-Andre/bicec-veripass/issues/106,M4 - Back-Office MVP,,In progress,2026-05-28,2026-05-28,c762cfa046f0,"feat(backoffice): base path /back-office/, SystemLogs refactor, apiGetBlob, header/sidebar tweaks","haute: back-office, api",c762cfa046f0,"feat(backoffice): base path /back-office/, SystemLogs refactor, apiGetBlob, header/sidebar tweaks","haute: back-office, api","`READY_FOR_OPS` dans `code/backoffice/src/types/kyc.ts`; `PENDING_INFO` dans `code/backoffice/src/pages/validation/ValidationQueuePage.tsx`; `back-office` dans `CHANGELOG.md`; fichiers proches: `CHANGELOG.md`, `code/backoffice/src/types/kyc.ts`, `code/backoffice/src/pages/validation/ValidationQueuePage.tsx`"
105,[BO-07] UI — Decision buttons (Approve/Reject/Info),https://github.com/Ken-Andre/bicec-veripass/issues/105,M4 - Back-Office MVP,,In progress,2026-03-14,2026-03-14,e0a32751aaf4,Merge pull request #196 from Ken-Andre/feat/infra-04-back-office,"haute: back-office, request",e0a32751aaf4,Merge pull request #196 from Ken-Andre/feat/infra-04-back-office,"haute: back-office, request","`back-office` dans `CHANGELOG.md`; fichiers proches: `CHANGELOG.md`, `code/scripts/run_kyc_happy_path_acceptance.py`, `paddleocr_test/notebooks/ocr_utils.py`"
104,[BO-06] Integration — Face match similarity screen (BO panel),https://github.com/Ken-Andre/bicec-veripass/issues/104,M4 - Back-Office MVP,,In progress,2026-03-14,2026-06-04,e0a32751aaf4,Merge pull request #196 from Ken-Andre/feat/infra-04-back-office,moyenne/faible: back-office,a7cefa962fea,docs: add AGENTS.md and ADR-040 (accès back-office multi-agences),moyenne/faible: back-office,"`back-office` dans `CHANGELOG.md`; `biometrics` dans `code/backoffice/src/types/kyc.ts`; fichiers proches: `CHANGELOG.md`, `code/backoffice/src/types/kyc.ts`, `docs/BICEC-VERIPASS-VUE-ENSEMBLE.md`"
103,[BO-05] UI — Dossier Detail view (images + OCR fields),https://github.com/Ken-Andre/bicec-veripass/issues/103,M4 - Back-Office MVP,,In progress,2026-03-14,2026-06-04,e0a32751aaf4,Merge pull request #196 from Ken-Andre/feat/infra-04-back-office,moyenne/faible: back-office,a7cefa962fea,docs: add AGENTS.md and ADR-040 (accès back-office multi-agences),moyenne/faible: back-office,"`back-office` dans `CHANGELOG.md`; fichiers proches: `CHANGELOG.md`, `paddleocr_test/test_structure.py`, `code/mobile/src/views/kyc/SignatureScreen.test.tsx`"
102,"[BO-04] Integration — Side-by-Side ""Zoom + Compare"" viewer logic",https://github.com/Ken-Andre/bicec-veripass/issues/102,M4 - Back-Office MVP,,In progress,2026-03-14,2026-06-04,e0a32751aaf4,Merge pull request #196 from Ken-Andre/feat/infra-04-back-office,moyenne/faible: back-office,a7cefa962fea,docs: add AGENTS.md and ADR-040 (accès back-office multi-agences),moyenne/faible: back-office,"`back-office` dans `CHANGELOG.md`; `inspection` dans `code/backoffice/src/components/shared/DossierTimeline.tsx`; fichiers proches: `CHANGELOG.md`, `code/backoffice/src/components/shared/DossierTimeline.tsx`, `paddleocr_test/notebooks/01_interactive_ocr_testing.py`"
101,[BO-03] Backend — Agent allocation logic (Load balancing per agent),https://github.com/Ken-Andre/bicec-veripass/issues/101,M4 - Back-Office MVP,,In progress,2026-06-04,2026-06-04,a7cefa962fea,docs: add AGENTS.md and ADR-040 (accès back-office multi-agences),"haute: back-office, agents",a7cefa962fea,docs: add AGENTS.md and ADR-040 (accès back-office multi-agences),"haute: back-office, agents","`back-office` dans `CHANGELOG.md`; `logic` dans `CHANGELOG.md`; fichiers proches: `CHANGELOG.md`, `paddleocr_test/notebooks/04_eneo_sanctions_exploration.py`, `code/backend/scripts/warmup_ocr.py`"
100,[BO-02] UI — Agent Validation Desk Layout,https://github.com/Ken-Andre/bicec-veripass/issues/100,M4 - Back-Office MVP,,In progress,2026-05-28,2026-05-28,c762cfa046f0,"feat(backoffice): base path /back-office/, SystemLogs refactor, apiGetBlob, header/sidebar tweaks","haute: back-office, layout",c762cfa046f0,"feat(backoffice): base path /back-office/, SystemLogs refactor, apiGetBlob, header/sidebar tweaks","haute: back-office, layout","`back-office` dans `CHANGELOG.md`; fichiers proches: `CHANGELOG.md`, `code/mobile/src/views/kyc/SignatureScreen.test.tsx`, `code/backoffice/src/components/shared/DossierTimeline.tsx`"
99,[BO-01] Back-Office — Dossier Queue logic (FIFO/Priority),https://github.com/Ken-Andre/bicec-veripass/issues/99,M4 - Back-Office MVP,,In progress,2026-03-14,2026-06-04,e0a32751aaf4,Merge pull request #196 from Ken-Andre/feat/infra-04-back-office,moyenne/faible: back-office,a7cefa962fea,docs: add AGENTS.md and ADR-040 (accès back-office multi-agences),moyenne/faible: back-office,"`back-office` dans `CHANGELOG.md`; `queue` dans `CHANGELOG.md`; fichiers proches: `CHANGELOG.md`, `code/backoffice/src/types/kyc.ts`, `code/mobile/src/views/kyc/SignatureScreen.test.tsx`"
94,[OFFLINE-04] Integration — Progressive sync logic (Upload resume),https://github.com/Ken-Andre/bicec-veripass/issues/94,M3 - AI Engine Complete,,In progress,2026-02-02,2026-06-06,bff65cb671f6,"feat: Introduce comprehensive AI agent system with BMM, BMB, TEA, and CIS workflows, agents, and commands.","moyenne/faible: resilience, integration, progressive",d2f794e975c7,"chore: reduce repo size - untrack agent dirs, rendered-word, bmad media","moyenne/faible: resilience, integration, progressive","`logic` dans `CHANGELOG.md`; fichiers proches: `CHANGELOG.md`, `docs/consultant-integration-prompt.md`, `code/mobile/src/utils/imageCompression.ts`"
91,[OFFLINE-01] Mobile — Service Worker strategy for app shell,https://github.com/Ken-Andre/bicec-veripass/issues/91,M3 - AI Engine Complete,,In progress,2026-02-28,2026-05-31,edb68dc01d1d,docs(prd): refine hybrid OCR strategy and resilience patterns,"haute: resilience, strategy",72af78ff9fed,"refactor(mobile): extract livenessChallenge module, PWA hardening (manifest, startup images, service worker, CSP)","haute: pwa, service, worker","`OFFLINE-01` dans `code/mobile/README.md`; `pwa` dans `CHANGELOG.md`; fichiers proches: `CHANGELOG.md`, `code/mobile/README.md`, `docs/consultant-integration-prompt.md`"
90,[KYC-SM-09] Integration — Automated state transitions (e.g. READY_FOR_OPS),https://github.com/Ken-Andre/bicec-veripass/issues/90,M3 - AI Engine Complete,,In progress,2026-05-18,2026-05-18,4dfb3bb7e04c,"feat(kyc): add image processing, encryption utilities, and OCR merging logic",moyenne/faible: logic,4dfb3bb7e04c,"feat(kyc): add image processing, encryption utilities, and OCR merging logic",moyenne/faible: logic,"`PENDING_KYC` dans `code/backoffice/src/pages/validation/ValidationQueuePage.tsx`; `READY_FOR_OPS` dans `code/backoffice/src/types/kyc.ts`; `COMPLIANCE_REVIEW` dans `code/mobile/src/types/index.ts`; fichiers proches: `CHANGELOG.md`, `code/backoffice/src/types/kyc.ts`, `code/backoffice/src/pages/validation/ValidationQueuePage.tsx`"
84,[KYC-SM-03] Integration — Dossier submission to state machine,https://github.com/Ken-Andre/bicec-veripass/issues/84,M3 - AI Engine Complete,,In progress,2026-04-30,2026-04-30,7389e8a82093,"feat(banking): add banking module with cards, transfers, transactions, savings","haute: api, /kyc/submit",7389e8a82093,"feat(banking): add banking module with cards, transfers, transactions, savings","haute: api, /kyc/submit","`PENDING_KYC` dans `code/backoffice/src/pages/validation/ValidationQueuePage.tsx`; `api` dans `CHANGELOG.md`; `/kyc/submit` dans `code/scripts/run_kyc_happy_path_acceptance.py`; fichiers proches: `CHANGELOG.md`, `code/scripts/run_kyc_happy_path_acceptance.py`, `code/backoffice/src/pages/validation/ValidationQueuePage.tsx`"
82,[KYC-SM-01] Backend — KYC Session State Machine (XState/Logic),https://github.com/Ken-Andre/bicec-veripass/issues/82,M3 - AI Engine Complete,,In progress,2026-04-05,2026-04-05,344971f7523e,feat(kyc): overhaul context state and add verification screens (DRAFT),"haute: draft, state",f6f79589f3a8,feat(backoffice): implement KYC funnel analytics hook (DRAFT),"haute: draft, state, machine","`kyc_sessions` dans `code/scripts/seed_kyc_compliance_visual_demo.py`; `DRAFT` dans `CHANGELOG.md`; `PENDING_KYC` dans `code/backoffice/src/pages/validation/ValidationQueuePage.tsx`; fichiers proches: `CHANGELOG.md`, `code/backoffice/src/pages/validation/ValidationQueuePage.tsx`, `code/scripts/seed_kyc_compliance_visual_demo.py`"
81,[BIO-12] Admin — Lockout 24h counter cleanup logic,https://github.com/Ken-Andre/bicec-veripass/issues/81,M3 - AI Engine Complete,,In progress,2026-04-09,2026-05-18,b01dff6fe16c,fix: resolve ruff linting errors,"moyenne/faible: logic, admin, security",4dfb3bb7e04c,"feat(kyc): add image processing, encryption utilities, and OCR merging logic",moyenne/faible: logic,"`logic` dans `CHANGELOG.md`; fichiers proches: `CHANGELOG.md`, `code/backoffice/src/pages/LoginPage.tsx`, `code/scripts/audit_sentry_issues.py`"
79,[BIO-10] Integration — Deduplication logic (pg_trgm),https://github.com/Ken-Andre/bicec-veripass/issues/79,M3 - AI Engine Complete,,In progress,2026-02-02,2026-05-29,bff65cb671f6,"feat: Introduce comprehensive AI agent system with BMM, BMB, TEA, and CIS workflows, agents, and commands.","moyenne/faible: compliance, integration",e6d9d20bda03,"test: add classification UX proof + POV demo, KYC compliance visual demo, agent UX screenshots",moyenne/faible: compliance,"`pg_trgm` dans `code/backend/alembic/versions/012_aml.py`; `compliance` dans `CHANGELOG.md`; fichiers proches: `CHANGELOG.md`, `code/backend/alembic/versions/012_aml.py`, `docs/schema/ddl-complete.sql`"
78,[BIO-09] Integration — Global Dossier Confidence Score,https://github.com/Ken-Andre/bicec-veripass/issues/78,M3 - AI Engine Complete,,In progress,2026-05-18,2026-05-18,4dfb3bb7e04c,"feat(kyc): add image processing, encryption utilities, and OCR merging logic",moyenne/faible: logic,4dfb3bb7e04c,"feat(kyc): add image processing, encryption utilities, and OCR merging logic",moyenne/faible: logic,"`logic` dans `CHANGELOG.md`; `scoring` dans `paddleocr_test/notebooks/ocr_utils.py`; `kyc_sessions` dans `code/scripts/seed_kyc_compliance_visual_demo.py`; fichiers proches: `CHANGELOG.md`, `paddleocr_test/notebooks/ocr_utils.py`, `code/scripts/seed_kyc_compliance_visual_demo.py`"
75,[BIO-06] Database — Biometric results table schema,https://github.com/Ken-Andre/bicec-veripass/issues/75,M3 - AI Engine Complete,,In progress,2026-02-13,2026-03-09,f9ad3bba0eed,feat: Add sample invoice documents and initial project configuration files for Kiro agent.,moyenne/faible: documents,75fcbc5c97fa,"feat: Add comprehensive OCR guide for Cameroon ID cards, new PaddleOCR tests, and architectural planning documents.",moyenne/faible: documents,"`biometric_results` dans `code/backend/alembic/versions/d6e8c2e05497_initial_schema.py`; `kyc_sessions` dans `code/scripts/seed_kyc_compliance_visual_demo.py`; `documents` dans `paddleocr_test/test_api_connection.py`; fichiers proches: `code/scripts/seed_kyc_compliance_visual_demo.py`, `code/backend/alembic/versions/d6e8c2e05497_initial_schema.py`, `code/backoffice/src/types/kyc.ts`"
74,[BIO-05] Integration — 3-Strike Lockout state machine,https://github.com/Ken-Andre/bicec-veripass/issues/74,M3 - AI Engine Complete,,In progress,2026-05-18,2026-05-18,4dfb3bb7e04c,"feat(kyc): add image processing, encryption utilities, and OCR merging logic",moyenne/faible: logic,4dfb3bb7e04c,"feat(kyc): add image processing, encryption utilities, and OCR merging logic",moyenne/faible: logic,"`LOCKED_LIVENESS` dans `code/backend/tests/unit/test_kyc_router_hash.py`; `kyc_sessions` dans `code/scripts/seed_kyc_compliance_visual_demo.py`; `biometrics` dans `code/backoffice/src/types/kyc.ts`; fichiers proches: `CHANGELOG.md`, `code/backoffice/src/types/kyc.ts`, `code/backend/tests/unit/test_kyc_router_hash.py`"
65,[OCR-03] Backend — Celery Worker for OCR async jobs,https://github.com/Ken-Andre/bicec-veripass/issues/65,M3 - AI Engine Complete,,In progress,2026-05-28,2026-05-28,960982b5d662,"refactor(tasks): rewrite KYC/Sanctions celery tasks with SQLAlchemy 2.0 async, add NIU duplicate SequenceMatcher","haute: celery, async",960982b5d662,"refactor(tasks): rewrite KYC/Sanctions celery tasks with SQLAlchemy 2.0 async, add NIU duplicate SequenceMatcher","haute: celery, async","`concurrency=1` dans `code/backend/app/tasks_demo.py`; `glm_ocr_jobs` dans `code/test_celery.py`; `celery` dans `CHANGELOG.md`; fichiers proches: `CHANGELOG.md`, `code/backend/app/tasks_demo.py`, `code/test_celery.py`"
61,[CAPTURE-07] Database — Documents table migration,https://github.com/Ken-Andre/bicec-veripass/issues/61,M2 - Capture MVP,,In progress,2026-02-16,2026-02-16,af6c0aefef58,"docs(planning): Establish core project planning documents including PRD, UX spec, and implementation plan, alongside detailed adversarial review findings.","haute: documents, implementation",af6c0aefef58,"docs(planning): Establish core project planning documents including PRD, UX spec, and implementation plan, alongside detailed adversarial review findings.","haute: documents, implementation","`documents` dans `paddleocr_test/test_api_connection.py`; `kyc_sessions` dans `code/scripts/seed_kyc_compliance_visual_demo.py`; `session_id` dans `code/scripts/seed_kyc_compliance_visual_demo.py`; fichiers proches: `code/scripts/seed_kyc_compliance_visual_demo.py`, `code/scripts/test-backup-restore.sh`, `paddleocr_test/test_api_connection.py`"
58,[CAPTURE-04] Infrastructure — Docker filesystem volume for doc storage,https://github.com/Ken-Andre/bicec-veripass/issues/58,M2 - Capture MVP,,In progress,2026-03-27,2026-03-27,82ac2a13ea54,feat: add backup configuration and enhance infrastructure,"moyenne/faible: /data/documents, infrastructure, documents",82ac2a13ea54,feat: add backup configuration and enhance infrastructure,"moyenne/faible: /data/documents, infrastructure, documents","`/data/documents` dans `code/mobile/tests/e2e/day1-stability.evidence.ts`; fichiers proches: `CHANGELOG.md`, `code/mobile/tests/e2e/day1-stability.evidence.ts`, `docs/progress-tracker-M0-M1.md`"
57,[CAPTURE-03] Backend — Multipart upload handler for documents,https://github.com/Ken-Andre/bicec-veripass/issues/57,M2 - Capture MVP,,In progress,2026-02-27,2026-06-03,a4f07187c35d,"docs: Add ADR-001 defining access states and transitions, and refine project documentation regarding Core Banking integration and IBU mock API.",moyenne/faible: api,6f4e2bd012e6,feat(backoffice): analytics page and evidence viewer with API/dossier service updates,moyenne/faible: api,"`api` dans `CHANGELOG.md`; `/kyc/capture/cni` dans `code/scripts/run_kyc_happy_path_acceptance.py`; fichiers proches: `CHANGELOG.md`, `code/scripts/run_kyc_happy_path_acceptance.py`, `docs/progress-tracker-M0-M1.md`"
39,Story 8.3: Account Management Dashboard & Status-Based Gating,https://github.com/Ken-Andre/bicec-veripass/issues/39,M6 - Analytics & Demo,,In progress,2026-05-22,2026-05-22,87f9ff7ab2ec,test(mobile): add settings official channel to evidence tests,"moyenne/faible: disabled, settings",87f9ff7ab2ec,test(mobile): add settings official channel to evidence tests,"moyenne/faible: disabled, settings","`access_level` dans `code/scripts/seed_kyc_compliance_visual_demo.py`; `RESTRICTED` dans `code/scripts/seed_kyc_compliance_visual_demo.py`; `LIMITED_ACCESS` dans `code/mobile/src/views/dashboard/DashboardPage.tsx`; fichiers proches: `code/mobile/src/views/dashboard/DashboardPage.tsx`, `code/scripts/seed_kyc_compliance_visual_demo.py`, `code/backoffice/src/test/e2e/kyc-compliance-visual-demo.evidence.ts`"
32,Story 6.4: Agency CRUD Management & Amplitude Provisioning Monitor,https://github.com/Ken-Andre/bicec-veripass/issues/32,M4 - Back-Office MVP,,In progress,2026-04-13,2026-05-23,d27ed5ff2b9a,Merge pull request #322 from Ken-Andre/CI-node-patch-1,haute: référence issue #32,de7897f62788,Merge pull request #321 from Ken-Andre/develop,haute: référence issue #32,"`READY_FOR_OPS` dans `code/backoffice/src/types/kyc.ts`; `provisioning_batch` dans `code/backend/alembic/versions/d6e8c2e05497_initial_schema.py`; `PROVISIONING` dans `code/backoffice/src/pages/compliance/BatchMonitorPage.tsx`; fichiers proches: `CHANGELOG.md`, `code/mobile/src/views/kyc/SubmitSuccessScreen.tsx`, `code/backoffice/src/types/kyc.ts`"
30,Story 6.2: AML Alert Review & PEP Screening,https://github.com/Ken-Andre/bicec-veripass/issues/30,M4 - Back-Office MVP,,In progress,2026-05-29,2026-05-29,e6d9d20bda03,"test: add classification UX proof + POV demo, KYC compliance visual demo, agent UX screenshots","moyenne/faible: disabled, alert, compliance",e6d9d20bda03,"test: add classification UX proof + POV demo, KYC compliance visual demo, agent UX screenshots","moyenne/faible: disabled, alert, compliance","`COMPLIANCE_REVIEW` dans `code/mobile/src/types/index.ts`; `PENDING_KYC` dans `code/backoffice/src/pages/validation/ValidationQueuePage.tsx`; `AML_CLEARED` dans `code/backoffice/src/types/kyc.ts`; fichiers proches: `CHANGELOG.md`, `code/mobile/src/types/index.ts`, `code/backoffice/src/pages/validation/ValidationQueuePage.tsx`"
25,Story 4.4: Global Dossier Confidence Score & Duplicate Detection,https://github.com/Ken-Andre/bicec-veripass/issues/25,M3 - AI Engine Complete,,In progress,2026-05-03,2026-05-03,c5bc962c3365,chore: backend linting and shared infrastructure updates,"haute: users, kyc_sessions",c5bc962c3365,chore: backend linting and shared infrastructure updates,"haute: users, kyc_sessions","`users` dans `CHANGELOG.md`; `pg_trgm` dans `code/backend/alembic/versions/012_aml.py`; `kyc_sessions` dans `code/scripts/seed_kyc_compliance_visual_demo.py`; fichiers proches: `CHANGELOG.md`, `code/backend/alembic/versions/012_aml.py`, `code/scripts/seed_kyc_compliance_visual_demo.py`"
19,Story 3.2: Utility Bill Upload & GLM-OCR Extraction (ENEO/CAMWATER),https://github.com/Ken-Andre/bicec-veripass/issues/19,M3 - AI Engine Complete,,In progress,2026-03-13,2026-03-21,f439367cf464,fix: address code review feedback from PR #194,"haute: référence issue #19, address",68b8a083be16,feat(db): add ADDRESS/AML/DWH Alembic migrations (#193 #136 #148),"haute: référence issue #19, address","`utility_bill` dans `code/mobile/src/views/kyc/BillUploadScreen.tsx`; `kyc_sessions` dans `code/scripts/seed_kyc_compliance_visual_demo.py`; fichiers proches: `CHANGELOG.md`, `code/mobile/src/views/kyc/BillUploadScreen.tsx`, `code/scripts/seed_kyc_compliance_visual_demo.py`"
14,Story 2.2: CNI Verso Capture,https://github.com/Ken-Andre/bicec-veripass/issues/14,M2 - Capture MVP,,In progress,2026-03-21,2026-03-21,68b8a083be16,feat(db): add ADDRESS/AML/DWH Alembic migrations (#193 #136 #148),haute: référence issue #14,68b8a083be16,feat(db): add ADDRESS/AML/DWH Alembic migrations (#193 #136 #148),haute: référence issue #14,"`documents` dans `paddleocr_test/test_api_connection.py`; `/kyc/capture/cni` dans `code/scripts/run_kyc_happy_path_acceptance.py`; `session_id` dans `code/scripts/seed_kyc_compliance_visual_demo.py`; fichiers proches: `code/scripts/seed_kyc_compliance_visual_demo.py`, `paddleocr_test/test_api_connection.py`, `CHANGELOG.md`"
13,Story 2.1: CNI Recto Capture with Client-Side Quality Gate (MediaPipe WASM),https://github.com/Ken-Andre/bicec-veripass/issues/13,M2 - Capture MVP,,In progress,2026-03-21,2026-03-21,68b8a083be16,feat(db): add ADDRESS/AML/DWH Alembic migrations (#193 #136 #148),haute: référence issue #13,68b8a083be16,feat(db): add ADDRESS/AML/DWH Alembic migrations (#193 #136 #148),haute: référence issue #13,"`documents` dans `paddleocr_test/test_api_connection.py`; `/kyc/capture/cni` dans `code/scripts/run_kyc_happy_path_acceptance.py`; `session_id` dans `code/scripts/seed_kyc_compliance_visual_demo.py`; fichiers proches: `code/scripts/run_kyc_happy_path_acceptance.py`, `code/scripts/seed_kyc_compliance_visual_demo.py`, `CHANGELOG.md`"
6,⚖️ Epic 6: Thomas's AML/CFT Compliance & Administration,https://github.com/Ken-Andre/bicec-veripass/issues/6,M5 - Full KYC Flow,,In progress,2026-03-20,2026-03-20,85f58375b7f6,"[AUTH-01][CAPTURE-08][ADMIN-02] Mobile: SMS OTP via Celery with Email fallback & Security: SHA-256 integrity utility and Input Validation (#47, #62, #175)",haute: référence issue #6,85f58375b7f6,"[AUTH-01][CAPTURE-08][ADMIN-02] Mobile: SMS OTP via Celery with Email fallback & Security: SHA-256 integrity utility and Input Validation (#47, #62, #175)",haute: référence issue #6,"`pg_trgm` dans `code/backend/alembic/versions/012_aml.py`; `audit_logs` dans `code/backend/tests/test_rbac.py`; fichiers proches: `CHANGELOG.md`, `code/backend/alembic/versions/012_aml.py`, `code/backend/tests/test_rbac.py`"
5,🔍 Epic 5: Jean's KYC Validation Desk,https://github.com/Ken-Andre/bicec-veripass/issues/5,M5 - Full KYC Flow,,In progress,2026-03-20,2026-03-20,34e4f24a0e00,feat: add Redis integration with OTP support and rate limiting (#54),haute: référence issue #5,18464108c346,feat(auth): add email OTP endpoints for dual authentication - Issue #50 AUTH-04,haute: référence issue #5,"`audit_logs` dans `code/backend/tests/test_rbac.py`; fichiers proches: `code/backend/tests/test_rbac.py`, `CHANGELOG.md`, `docs/schema/ddl-complete.sql`"
4,"🧠 Epic 4: Sovereign AI Engine — OCR, Biometrics & Dossier Scoring",https://github.com/Ken-Andre/bicec-veripass/issues/4,M5 - Full KYC Flow,,In progress,2026-03-20,2026-03-20,85f58375b7f6,"[AUTH-01][CAPTURE-08][ADMIN-02] Mobile: SMS OTP via Celery with Email fallback & Security: SHA-256 integrity utility and Input Validation (#47, #62, #175)","haute: référence issue #4, fallback, celery",85f58375b7f6,"[AUTH-01][CAPTURE-08][ADMIN-02] Mobile: SMS OTP via Celery with Email fallback & Security: SHA-256 integrity utility and Input Validation (#47, #62, #175)","haute: référence issue #4, fallback, celery","`pg_trgm` dans `code/backend/alembic/versions/012_aml.py`; `glm_ocr_jobs` dans `code/test_celery.py`; `biometric_results` dans `code/backend/alembic/versions/d6e8c2e05497_initial_schema.py`; fichiers proches: `CHANGELOG.md`, `code/backend/alembic/versions/012_aml.py`, `code/test_celery.py`"
3,"📍 Epic 3: Address, NIU, Utility Bill & Legal Consent",https://github.com/Ken-Andre/bicec-veripass/issues/3,M5 - Full KYC Flow,,In progress,2026-04-13,2026-05-23,d27ed5ff2b9a,Merge pull request #322 from Ken-Andre/CI-node-patch-1,haute: référence issue #3,de7897f62788,Merge pull request #321 from Ken-Andre/develop,haute: référence issue #3,"`access_level` dans `code/scripts/seed_kyc_compliance_visual_demo.py`; `audit_logs` dans `code/backend/tests/test_rbac.py`; fichiers proches: `CHANGELOG.md`, `code/scripts/seed_kyc_compliance_visual_demo.py`, `code/backend/tests/test_rbac.py`"
